{
  "config": {
    "n_input": 49,
    "n_output": 64,
    "predictive_lr": 0.05,
    "inference_steps": 20,
    "n_epochs": 10,
    "batch_size": 32
  },
  "metrics": {
    "linear_acc": 0.466,
    "knn_acc": 0.663,
    "nmi": 0.2854213055941603,
    "ari": 0.18623759091140799,
    "error_improvement": 86.22070601041396,
    "test_recon_mse": 0.02036099135875702
  },
  "baselines": {
    "raw_linear_acc": 0.869,
    "raw_knn_acc": 0.921,
    "random_linear_acc": 0.868,
    "random_knn_acc": 0.913,
    "pca_linear_acc": 0.868,
    "pca_knn_acc": 0.921
  },
  "passed": true
}