{
  "config": {
    "n_patterns": 20,
    "pattern_size": 64,
    "sparsity": 0.1,
    "n_timesteps": 15,
    "architecture": "hetero-associative"
  },
  "metrics": {
    "full_cue_f1": 0.95,
    "full_cue_recall": 0.95,
    "full_cue_precision": 0.95
  },
  "capacity": {
    "pattern_counts": [
      5,
      10,
      20,
      30,
      40,
      50
    ],
    "avg_recalls": [
      1.0,
      1.0,
      0.9833333333333334,
      0.9518518518518518,
      0.8583333333333334,
      0.8111111111111112
    ],
    "std_recalls": [
      0.0,
      0.0,
      0.01178511301977575,
      0.011415581486979636,
      0.009001028747788697,
      0.027261875880856247
    ]
  },
  "partial_cues": {
    "cue_fractions": [
      1.0,
      0.75,
      0.5,
      0.25
    ],
    "avg_f1": [
      0.95,
      0.8916666666666666,
      0.9,
      0.55
    ],
    "avg_recall": [
      0.95,
      0.8916666666666666,
      0.9,
      0.55
    ]
  }
}